,Circles,Ovals,Rectangles,Hearts,Tape Gun Holder,Tape Gun Add On,Blade Holder,Tool Stand Holder
#1 Red,,,,,,,,
#2 Coral,,,,,,,,
#3 Maroon,,,,,,,,1
#4 Orange,,,,,,,,
#5 Silk Orange,,,2,,,,,
#6 Yellow,,,,,,,,
#7 Gold,,,,,,,,
#8 Hot Pink,1,,,,,,2,
#9 Magenta,,1,,,1,,,
#10 Light Pink,,,,,,,,
#11 Plum,,,,,,,,
#12 Purple,2,1,1,,,1,,
#13 Lilac,,,,,,,1,1
#14 Sky Blue,,1,,,,1,,
#15 CM Blue,,,,,1,3,,
#16 Navy Blue,,,,,,,2,
#17 Teal,1,,1,,1,,,
#18 Silk Green,,,,,,,,
#19 Green,,,,,,1,,
#20 Light Green,,,,,,,,
#21 Olive Green,,,,,,,,
#22 Black,,,,,,,,
#23 Gray,,,,,,,,
#24 Ice,,,,,,,,
#25 White,,,,,,,,
#26 Tan,,1,1,1,,,1,
#27 Brown,,,,,,,,
#28 Copper,1,,,,,,,
#29 Sparkle Pink,,,,,,,,
Rainbow,,1,,,,1,,
Stars and Stripes,,,,,,,1,
